swcarpentry/shell-novice,Asia Jędrzejewska-Szmek,2016-01-30,IssueCommentEvent
swcarpentry/shell-novice,Asia Jędrzejewska-Szmek,2016-01-30,PullRequestEvent
swcarpentry/shell-novice,Julia Gustavsen,2016-01-30,ForkEvent
swcarpentry/shell-novice,Asia Jędrzejewska-Szmek,2016-01-29,ForkEvent
swcarpentry/shell-novice,Dan Jones,2016-01-29,PullRequestEvent
swcarpentry/shell-novice,Compute Canada / Calcul Canada,2016-01-28,ForkEvent
swcarpentry/shell-novice,Sebastian Schmeier,2016-01-28,WatchEvent
swcarpentry/shell-novice,Grace Cox,2016-01-28,PullRequestEvent
swcarpentry/shell-novice,Grace Cox,2016-01-28,ForkEvent
swcarpentry/shell-novice,Neal Davis,2016-01-28,ForkEvent
swcarpentry/shell-novice,Dan Jones,2016-01-27,ForkEvent
swcarpentry/shell-novice,Dan Jones,2016-01-27,WatchEvent
swcarpentry/shell-novice,Chris Norton,2016-01-27,ForkEvent
swcarpentry/shell-novice,Megan A. Jones,2016-01-27,IssuesEvent
swcarpentry/shell-novice,Warda Syeda,2016-01-26,ForkEvent
swcarpentry/shell-novice,Greg Wilson,2016-01-23,IssueCommentEvent
swcarpentry/shell-novice,Raniere Silva,2016-01-23,IssueCommentEvent
swcarpentry/shell-novice,Daren Card,2016-01-23,PullRequestEvent
swcarpentry/shell-novice,Daren Card,2016-01-23,ForkEvent
swcarpentry/shell-novice,BP Chapman,2016-01-23,PullRequestEvent
swcarpentry/shell-novice,BP Chapman,2016-01-23,ForkEvent
swcarpentry/shell-novice,Bartosz Telenczuk,2016-01-22,IssueCommentEvent
swcarpentry/shell-novice,Puget Sound Regional Council,2016-01-22,ForkEvent
swcarpentry/shell-novice,Luciano Issoe,2016-01-22,PullRequestEvent
swcarpentry/shell-novice,Luciano Issoe,2016-01-22,ForkEvent
swcarpentry/shell-novice,David Jones,2016-01-22,IssueCommentEvent
swcarpentry/shell-novice,Miguel Branco,2016-01-22,WatchEvent
swcarpentry/shell-novice,Natasha Pavlovikj,2016-01-22,PullRequestEvent
swcarpentry/shell-novice,Natasha Pavlovikj,2016-01-22,ForkEvent
swcarpentry/shell-novice,Rohit Rawat,2016-01-22,PullRequestEvent
swcarpentry/shell-novice,Rohit Rawat,2016-01-22,ForkEvent
swcarpentry/shell-novice,Eric Ma,2016-01-21,IssueCommentEvent
swcarpentry/shell-novice,Bartosz Telenczuk,2016-01-21,IssueCommentEvent
swcarpentry/shell-novice,David Jones,2016-01-21,IssueCommentEvent
swcarpentry/shell-novice,Bartosz Telenczuk,2016-01-21,IssuesEvent
swcarpentry/shell-novice,Bartosz Telenczuk,2016-01-21,IssuesEvent
swcarpentry/shell-novice,Ivan Gonzalez,2016-01-21,IssueCommentEvent
swcarpentry/shell-novice,Ivan Gonzalez,2016-01-21,PullRequestReviewCommentEvent
swcarpentry/shell-novice,dieface,2016-01-21,ForkEvent
swcarpentry/shell-novice,Bartosz Telenczuk,2016-01-20,IssueCommentEvent
swcarpentry/shell-novice,Arnstein Orten,2016-01-19,ForkEvent
swcarpentry/shell-novice,Eric Ma,2016-01-19,PullRequestEvent
swcarpentry/shell-novice,Kai Blin,2016-01-19,IssueCommentEvent
swcarpentry/shell-novice,Kai Blin,2016-01-19,IssueCommentEvent
swcarpentry/shell-novice,Jingchao Zhang,2016-01-19,PullRequestEvent
swcarpentry/shell-novice,Jingchao Zhang,2016-01-19,ForkEvent
swcarpentry/shell-novice,Christina Koch,2016-01-18,PushEvent
swcarpentry/shell-novice,Christina Koch,2016-01-18,PullRequestEvent
swcarpentry/shell-novice,Marcel Stimberg,2016-01-18,PullRequestEvent
swcarpentry/shell-novice,Bill,2016-01-15,IssueCommentEvent
swcarpentry/shell-novice,Ethan White,2016-01-15,IssueCommentEvent
swcarpentry/shell-novice,Marcel Stimberg,2016-01-15,IssueCommentEvent
swcarpentry/shell-novice,Bartosz Telenczuk,2016-01-15,IssueCommentEvent
swcarpentry/shell-novice,Marcel Stimberg,2016-01-15,IssueCommentEvent
swcarpentry/shell-novice,Bill,2016-01-15,IssueCommentEvent
swcarpentry/shell-novice,Bill,2016-01-15,IssueCommentEvent
swcarpentry/shell-novice,Bill,2016-01-15,IssueCommentEvent
swcarpentry/shell-novice,Christina Koch,2016-01-14,IssuesEvent
swcarpentry/shell-novice,Christina Koch,2016-01-14,IssueCommentEvent
swcarpentry/shell-novice,Tracy Teal,2016-01-14,ForkEvent
swcarpentry/shell-novice,Marcel Stimberg,2016-01-13,IssuesEvent
swcarpentry/shell-novice,Bartosz Telenczuk,2016-01-13,PullRequestEvent
swcarpentry/shell-novice,Marcel Stimberg,2016-01-13,IssueCommentEvent
swcarpentry/shell-novice,Marcel Stimberg,2016-01-13,IssuesEvent
swcarpentry/shell-novice,Kai Blin,2016-01-12,IssueCommentEvent
swcarpentry/shell-novice,Christina Koch,2016-01-12,PullRequestEvent
swcarpentry/shell-novice,Christina Koch,2016-01-12,IssueCommentEvent
swcarpentry/shell-novice,Christina Koch,2016-01-11,PushEvent
swcarpentry/shell-novice,Christina Koch,2016-01-11,PullRequestEvent
swcarpentry/shell-novice,Christina Koch,2016-01-11,PullRequestEvent
swcarpentry/shell-novice,Casey Bergman,2016-01-11,IssueCommentEvent
swcarpentry/shell-novice,Kai Blin,2016-01-11,PullRequestEvent
swcarpentry/shell-novice,Kai Blin,2016-01-11,IssueCommentEvent
swcarpentry/shell-novice,Kai Blin,2016-01-11,PullRequestEvent
swcarpentry/shell-novice,Kai Blin,2016-01-11,IssueCommentEvent
swcarpentry/shell-novice,Kai Blin,2016-01-11,IssueCommentEvent
swcarpentry/shell-novice,Kai Blin,2016-01-11,IssueCommentEvent
swcarpentry/shell-novice,Kai Blin,2016-01-11,PullRequestEvent
swcarpentry/shell-novice,Juan A. Ugalde,2016-01-11,PullRequestEvent
swcarpentry/shell-novice,Juan A. Ugalde,2016-01-11,ForkEvent
swcarpentry/shell-novice,Marcel Stimberg,2016-01-10,PullRequestEvent
swcarpentry/shell-novice,Marcel Stimberg,2016-01-10,IssuesEvent
swcarpentry/shell-novice,Christina Koch,2016-01-09,PushEvent
swcarpentry/shell-novice,Christina Koch,2016-01-09,PullRequestEvent
swcarpentry/shell-novice,Christina Koch,2016-01-09,PullRequestEvent
swcarpentry/shell-novice,Christina Koch,2016-01-09,IssueCommentEvent
swcarpentry/shell-novice,Kai Blin,2016-01-09,ForkEvent
swcarpentry/shell-novice,Dr David Martin,2016-01-08,ForkEvent
swcarpentry/shell-novice,Abel Siqueira,2016-01-07,IssueCommentEvent
swcarpentry/shell-novice,Evgenij Belikov,2016-01-06,IssueCommentEvent
swcarpentry/shell-novice,Kevin Foobar,2016-01-06,IssueCommentEvent
swcarpentry/shell-novice,Kevin Foobar,2016-01-06,PullRequestEvent
swcarpentry/shell-novice,Greg Wilson,2016-01-06,IssueCommentEvent
swcarpentry/shell-novice,Kevin Foobar,2016-01-06,PullRequestEvent
swcarpentry/shell-novice,Kevin Foobar,2016-01-06,PullRequestEvent
swcarpentry/shell-novice,Greg Wilson,2016-01-06,IssueCommentEvent
swcarpentry/shell-novice,Kevin Foobar,2016-01-06,PullRequestEvent
swcarpentry/shell-novice,Raniere Silva,2016-01-06,PullRequestReviewCommentEvent
swcarpentry/shell-novice,Raniere Silva,2016-01-06,PullRequestReviewCommentEvent
swcarpentry/shell-novice,Raniere Silva,2016-01-06,PullRequestReviewCommentEvent
swcarpentry/shell-novice,Kally Chung,2016-01-06,PullRequestEvent
swcarpentry/shell-novice,Kally Chung,2016-01-06,ForkEvent
swcarpentry/shell-novice,Abel Siqueira,2016-01-06,PullRequestEvent
swcarpentry/shell-novice,Abel Siqueira,2016-01-06,ForkEvent
swcarpentry/shell-novice,Ivan Gonzalez,2016-01-06,IssueCommentEvent
swcarpentry/shell-novice,Ry4an Brase,2016-01-06,IssueCommentEvent
swcarpentry/shell-novice,Ry4an Brase,2016-01-06,IssueCommentEvent
swcarpentry/shell-novice,Ry4an Brase,2016-01-06,IssueCommentEvent
swcarpentry/shell-novice,Ry4an Brase,2016-01-06,IssueCommentEvent
swcarpentry/shell-novice,Ry4an Brase,2016-01-06,PullRequestEvent
swcarpentry/shell-novice,Ry4an Brase,2016-01-06,ForkEvent
swcarpentry/shell-novice,Bartosz Telenczuk,2016-01-06,ForkEvent
swcarpentry/shell-novice,Reed A. Cartwright,2016-01-05,IssueCommentEvent
swcarpentry/shell-novice,Greg Wilson,2016-01-05,IssueCommentEvent
swcarpentry/shell-novice,Greg Wilson,2016-01-05,IssueCommentEvent
swcarpentry/shell-novice,Greg Wilson,2016-01-04,PullRequestReviewCommentEvent
swcarpentry/shell-novice,Kevin Foobar,2016-01-04,PullRequestReviewCommentEvent
swcarpentry/shell-novice,Reed A. Cartwright,2016-01-04,PullRequestEvent
swcarpentry/shell-novice,Reed A. Cartwright,2016-01-04,ForkEvent
swcarpentry/shell-novice,Kevin Foobar,2016-01-04,PullRequestEvent
swcarpentry/shell-novice,Fotis E. Psomopoulos,2016-01-04,PullRequestEvent
swcarpentry/shell-novice,Pete Houston,2016-01-04,WatchEvent
swcarpentry/shell-novice,Fotis E. Psomopoulos,2016-01-03,ForkEvent
swcarpentry/shell-novice,Greg Wilson,2016-01-01,PullRequestReviewCommentEvent
swcarpentry/shell-novice,Kevin Foobar,2016-01-01,PullRequestEvent
swcarpentry/shell-novice,Kevin Foobar,2016-01-01,ForkEvent
swcarpentry/git-novice,W. Trevor King,2016-01-30,IssueCommentEvent
swcarpentry/git-novice,Ivan Gonzalez,2016-01-30,PullRequestEvent
swcarpentry/git-novice,Ivan Gonzalez,2016-01-30,IssueCommentEvent
swcarpentry/git-novice,Ivan Gonzalez,2016-01-30,PullRequestEvent
swcarpentry/git-novice,Ivan Gonzalez,2016-01-30,IssueCommentEvent
swcarpentry/git-novice,Ivan Gonzalez,2016-01-30,PushEvent
swcarpentry/git-novice,Ivan Gonzalez,2016-01-30,PullRequestEvent
swcarpentry/git-novice,Ivan Gonzalez,2016-01-30,PullRequestEvent
swcarpentry/git-novice,Ivan Gonzalez,2016-01-30,PullRequestEvent
swcarpentry/git-novice,Ivan Gonzalez,2016-01-30,PushEvent
swcarpentry/git-novice,Ivan Gonzalez,2016-01-30,PullRequestEvent
swcarpentry/git-novice,Ivan Gonzalez,2016-01-30,PullRequestEvent
swcarpentry/git-novice,Ivan Gonzalez,2016-01-30,CreateEvent
swcarpentry/git-novice,Ivan Gonzalez,2016-01-30,IssuesEvent
swcarpentry/git-novice,Ivan Gonzalez,2016-01-30,IssueCommentEvent
swcarpentry/git-novice,Sebastian Schmeier,2016-01-29,PullRequestEvent
swcarpentry/git-novice,Lex Nederbragt,2016-01-29,IssueCommentEvent
swcarpentry/git-novice,Raniere Silva,2016-01-29,IssueCommentEvent
swcarpentry/git-novice,Lex Nederbragt,2016-01-29,IssuesEvent
swcarpentry/git-novice,Ivan Gonzalez,2016-01-29,IssuesEvent
swcarpentry/git-novice,Ivan Gonzalez,2016-01-29,IssueCommentEvent
swcarpentry/git-novice,Ivan Gonzalez,2016-01-29,IssuesEvent
swcarpentry/git-novice,Ivan Gonzalez,2016-01-29,IssueCommentEvent
swcarpentry/git-novice,Ivan Gonzalez,2016-01-29,IssuesEvent
swcarpentry/git-novice,Ivan Gonzalez,2016-01-29,IssueCommentEvent
swcarpentry/git-novice,Ivan Gonzalez,2016-01-29,PushEvent
swcarpentry/git-novice,Ivan Gonzalez,2016-01-29,PullRequestEvent
swcarpentry/git-novice,Ivan Gonzalez,2016-01-29,IssuesEvent
swcarpentry/git-novice,Ivan Gonzalez,2016-01-29,IssueCommentEvent
swcarpentry/git-novice,Amali Thrimawithana,2016-01-28,ForkEvent
swcarpentry/git-novice,Sebastian Schmeier,2016-01-28,WatchEvent
swcarpentry/git-novice,Sebastian Schmeier,2016-01-28,ForkEvent
swcarpentry/git-novice,Dan Jones,2016-01-27,ForkEvent
swcarpentry/git-novice,Dan Jones,2016-01-27,WatchEvent
swcarpentry/git-novice,Samuel Lelièvre,2016-01-27,WatchEvent
swcarpentry/git-novice,Ivan Gonzalez,2016-01-26,PushEvent
swcarpentry/git-novice,Ivan Gonzalez,2016-01-26,PullRequestEvent
swcarpentry/git-novice,Ivan Gonzalez,2016-01-26,IssueCommentEvent
swcarpentry/git-novice,Loïc Estève,2016-01-26,IssueCommentEvent
swcarpentry/git-novice,Ivan Gonzalez,2016-01-26,IssueCommentEvent
swcarpentry/git-novice,Loïc Estève,2016-01-26,IssueCommentEvent
swcarpentry/git-novice,Ivan Gonzalez,2016-01-26,IssueCommentEvent
swcarpentry/git-novice,Loïc Estève,2016-01-26,PullRequestEvent
swcarpentry/git-novice,Ivan Gonzalez,2016-01-25,IssueCommentEvent
swcarpentry/git-novice,Azalee Bostroem,2016-01-25,IssueCommentEvent
swcarpentry/git-novice,Andreas Mueller,2016-01-25,IssueCommentEvent
swcarpentry/git-novice,Ivan Gonzalez,2016-01-25,IssueCommentEvent
swcarpentry/git-novice,Azalee Bostroem,2016-01-25,IssueCommentEvent
swcarpentry/git-novice,Andreas Mueller,2016-01-25,IssueCommentEvent
swcarpentry/git-novice,Greg Wilson,2016-01-25,IssueCommentEvent
swcarpentry/git-novice,Andreas Mueller,2016-01-25,IssueCommentEvent
swcarpentry/git-novice,Daisie Huang,2016-01-25,PushEvent
swcarpentry/git-novice,Daisie Huang,2016-01-25,PullRequestEvent
swcarpentry/git-novice,Daisie Huang,2016-01-25,IssueCommentEvent
swcarpentry/git-novice,Daisie Huang,2016-01-25,IssueCommentEvent
swcarpentry/git-novice,Loïc Estève,2016-01-25,ForkEvent
swcarpentry/git-novice,Greg Wilson,2016-01-25,IssueCommentEvent
swcarpentry/git-novice,Andreas Mueller,2016-01-24,IssuesEvent
swcarpentry/git-novice,Bruno Grande,2016-01-24,ForkEvent
swcarpentry/git-novice,Andreas Mueller,2016-01-24,IssuesEvent
swcarpentry/git-novice,Hechuan Wang,2016-01-23,ForkEvent
swcarpentry/git-novice,Vijay Ivaturi,2016-01-23,ForkEvent
swcarpentry/git-novice,Ivan Gonzalez,2016-01-23,IssueCommentEvent
swcarpentry/git-novice,Andreas Mueller,2016-01-22,IssueCommentEvent
swcarpentry/git-novice,Andreas Mueller,2016-01-22,IssueCommentEvent
swcarpentry/git-novice,Azalee Bostroem,2016-01-22,IssueCommentEvent
swcarpentry/git-novice,Ivan Gonzalez,2016-01-22,PushEvent
swcarpentry/git-novice,Ivan Gonzalez,2016-01-22,PullRequestEvent
swcarpentry/git-novice,Ivan Gonzalez,2016-01-22,IssueCommentEvent
swcarpentry/git-novice,Tim Tröndle,2016-01-22,IssueCommentEvent
swcarpentry/git-novice,Puget Sound Regional Council,2016-01-22,ForkEvent
swcarpentry/git-novice,Andreas Mueller,2016-01-22,IssueCommentEvent
swcarpentry/git-novice,Ivan Gonzalez,2016-01-22,IssueCommentEvent
swcarpentry/git-novice,Tim Tröndle,2016-01-22,PullRequestEvent
swcarpentry/git-novice,Tim Tröndle,2016-01-22,ForkEvent
swcarpentry/git-novice,Ivan Gonzalez,2016-01-22,IssueCommentEvent
swcarpentry/git-novice,Ivan Gonzalez,2016-01-22,IssuesEvent
swcarpentry/git-novice,dieface,2016-01-21,ForkEvent
swcarpentry/git-novice,Ivan Gonzalez,2016-01-14,PushEvent
swcarpentry/git-novice,Ivan Gonzalez,2016-01-14,PullRequestEvent
swcarpentry/git-novice,Ivan Gonzalez,2016-01-14,IssueCommentEvent
swcarpentry/git-novice,Chip Oglesby,2016-01-13,WatchEvent
swcarpentry/git-novice,Bérénice Batut,2016-01-13,IssueCommentEvent
swcarpentry/git-novice,Bérénice Batut,2016-01-13,PullRequestReviewCommentEvent
swcarpentry/git-novice,Bérénice Batut,2016-01-13,PullRequestReviewCommentEvent
swcarpentry/git-novice,Ivan Gonzalez,2016-01-13,PushEvent
swcarpentry/git-novice,Ivan Gonzalez,2016-01-13,PullRequestEvent
swcarpentry/git-novice,Ivan Gonzalez,2016-01-13,IssueCommentEvent
swcarpentry/git-novice,Ivan Gonzalez,2016-01-12,PushEvent
swcarpentry/git-novice,Ivan Gonzalez,2016-01-12,PullRequestEvent
swcarpentry/git-novice,Ivan Gonzalez,2016-01-12,IssueCommentEvent
swcarpentry/git-novice,W. Trevor King,2016-01-12,IssueCommentEvent
swcarpentry/git-novice,Mateusz Kuzak,2016-01-12,PullRequestEvent
swcarpentry/git-novice,Mateusz Kuzak,2016-01-12,ForkEvent
swcarpentry/git-novice,Ivan Gonzalez,2016-01-12,PullRequestReviewCommentEvent
swcarpentry/git-novice,Ivan Gonzalez,2016-01-12,PullRequestReviewCommentEvent
swcarpentry/git-novice,Ivan Gonzalez,2016-01-12,PullRequestReviewCommentEvent
swcarpentry/git-novice,Greg Wilson,2016-01-12,PullRequestReviewCommentEvent
swcarpentry/git-novice,Ivan Gonzalez,2016-01-12,PullRequestReviewCommentEvent
swcarpentry/git-novice,Ivan Gonzalez,2016-01-12,PullRequestReviewCommentEvent
swcarpentry/git-novice,Li Xiang,2016-01-10,WatchEvent
swcarpentry/git-novice,Filipe Oliveira,2016-01-09,WatchEvent
swcarpentry/git-novice,Dr David Martin,2016-01-08,ForkEvent
swcarpentry/git-novice,K,2016-01-08,ForkEvent
swcarpentry/git-novice,Bérénice Batut,2016-01-08,PullRequestEvent
swcarpentry/git-novice,Ivan Gonzalez,2016-01-07,PushEvent
swcarpentry/git-novice,Ivan Gonzalez,2016-01-07,PullRequestEvent
swcarpentry/git-novice,Ivan Gonzalez,2016-01-07,IssueCommentEvent
swcarpentry/git-novice,Sean Aubin,2016-01-06,IssueCommentEvent
swcarpentry/git-novice,Brendan Smithyman,2016-01-06,IssueCommentEvent
swcarpentry/git-novice,Ivan Gonzalez,2016-01-06,PushEvent
swcarpentry/git-novice,Ivan Gonzalez,2016-01-06,PullRequestEvent
swcarpentry/git-novice,Ivan Gonzalez,2016-01-06,IssueCommentEvent
swcarpentry/git-novice,Brendan Smithyman,2016-01-06,PullRequestEvent
swcarpentry/git-novice,Ivan Gonzalez,2016-01-04,PushEvent
swcarpentry/git-novice,Ivan Gonzalez,2016-01-04,PullRequestEvent
swcarpentry/git-novice,Ivan Gonzalez,2016-01-04,IssueCommentEvent
swcarpentry/git-novice,Madeleine Bonsma,2016-01-04,IssueCommentEvent
swcarpentry/git-novice,Ivan Gonzalez,2016-01-04,IssueCommentEvent
swcarpentry/git-novice,Ivan Gonzalez,2016-01-04,IssueCommentEvent
swcarpentry/git-novice,Ivan Gonzalez,2016-01-04,IssueCommentEvent
swcarpentry/git-novice,Madeleine Bonsma,2016-01-04,PullRequestEvent
swcarpentry/git-novice,Madeleine Bonsma,2016-01-04,ForkEvent
swcarpentry/git-novice,Daisie Huang,2016-01-04,IssueCommentEvent
swcarpentry/git-novice,Bérénice Batut,2016-01-04,ForkEvent
swcarpentry/git-novice,Brendan Smithyman,2016-01-04,ForkEvent
swcarpentry/sql-novice-survey,Abigail Cabunoc Mayes,2016-01-29,IssueCommentEvent
swcarpentry/sql-novice-survey,Raquel Alegre,2016-01-29,IssueCommentEvent
swcarpentry/sql-novice-survey,Abigail Cabunoc Mayes,2016-01-28,IssueCommentEvent
swcarpentry/sql-novice-survey,Abigail Cabunoc Mayes,2016-01-28,IssueCommentEvent
swcarpentry/sql-novice-survey,Raquel Alegre,2016-01-28,IssueCommentEvent
swcarpentry/sql-novice-survey,Raquel Alegre,2016-01-28,ForkEvent
swcarpentry/sql-novice-survey,Raquel Alegre,2016-01-28,IssueCommentEvent
swcarpentry/sql-novice-survey,Dan Jones,2016-01-27,ForkEvent
swcarpentry/sql-novice-survey,Dan Jones,2016-01-27,WatchEvent
swcarpentry/sql-novice-survey,Auriel Fournier,2016-01-27,IssuesEvent
swcarpentry/sql-novice-survey,Auriel Fournier,2016-01-27,ForkEvent
swcarpentry/sql-novice-survey,dieface,2016-01-19,ForkEvent
swcarpentry/sql-novice-survey,W. Trevor King,2016-01-18,IssueCommentEvent
swcarpentry/sql-novice-survey,Ivan Gonzalez,2016-01-18,IssueCommentEvent
swcarpentry/sql-novice-survey,Greg Wilson,2016-01-18,IssueCommentEvent
swcarpentry/sql-novice-survey,Ivan Gonzalez,2016-01-18,IssueCommentEvent
swcarpentry/sql-novice-survey,Ivan Gonzalez,2016-01-17,IssueCommentEvent
swcarpentry/sql-novice-survey,Abigail Cabunoc Mayes,2016-01-15,PullRequestReviewCommentEvent
swcarpentry/sql-novice-survey,W. Trevor King,2016-01-15,IssueCommentEvent
swcarpentry/sql-novice-survey,Ivan Gonzalez,2016-01-15,PullRequestReviewCommentEvent
swcarpentry/sql-novice-survey,Ivan Gonzalez,2016-01-15,IssueCommentEvent
swcarpentry/sql-novice-survey,Ivan Gonzalez,2016-01-15,IssuesEvent
swcarpentry/sql-novice-survey,Raniere Silva,2016-01-15,PullRequestReviewCommentEvent
swcarpentry/sql-novice-survey,Greg Wilson,2016-01-14,IssueCommentEvent
swcarpentry/sql-novice-survey,Abigail Cabunoc Mayes,2016-01-14,IssueCommentEvent
swcarpentry/sql-novice-survey,W. Trevor King,2016-01-14,IssueCommentEvent
swcarpentry/sql-novice-survey,Abigail Cabunoc Mayes,2016-01-14,IssueCommentEvent
swcarpentry/sql-novice-survey,Greg Wilson,2016-01-14,IssueCommentEvent
swcarpentry/sql-novice-survey,W. Trevor King,2016-01-14,IssueCommentEvent
swcarpentry/sql-novice-survey,Ivan Gonzalez,2016-01-14,IssueCommentEvent
swcarpentry/sql-novice-survey,Greg Wilson,2016-01-14,IssueCommentEvent
swcarpentry/sql-novice-survey,Ivan Gonzalez,2016-01-14,IssuesEvent
swcarpentry/sql-novice-survey,Ivan Gonzalez,2016-01-14,IssueCommentEvent
swcarpentry/sql-novice-survey,Ivan Gonzalez,2016-01-14,PullRequestReviewCommentEvent
swcarpentry/sql-novice-survey,Mariela Perignon,2016-01-14,ForkEvent
swcarpentry/sql-novice-survey,Chip Oglesby,2016-01-13,WatchEvent
swcarpentry/python-novice-inflammation,Elliott Sales de Andrade,2016-01-29,PullRequestReviewCommentEvent
swcarpentry/python-novice-inflammation,Rochelle Terman,2016-01-29,IssueCommentEvent
swcarpentry/python-novice-inflammation,Greg Wilson,2016-01-29,IssuesEvent
swcarpentry/python-novice-inflammation,Elliott Sales de Andrade,2016-01-29,PullRequestReviewCommentEvent
swcarpentry/python-novice-inflammation,Ivan Gonzalez,2016-01-29,IssueCommentEvent
swcarpentry/python-novice-inflammation,Ivan Gonzalez,2016-01-29,PullRequestReviewCommentEvent
swcarpentry/python-novice-inflammation,Ivan Gonzalez,2016-01-29,IssueCommentEvent
swcarpentry/python-novice-inflammation,Ivan Gonzalez,2016-01-29,IssueCommentEvent
swcarpentry/python-novice-inflammation,Fran Navarro,2016-01-28,IssueCommentEvent
swcarpentry/python-novice-inflammation,Greg Wilson,2016-01-28,IssueCommentEvent
swcarpentry/python-novice-inflammation,Ivan Gonzalez,2016-01-28,IssueCommentEvent
swcarpentry/python-novice-inflammation,Ivan Gonzalez,2016-01-28,IssueCommentEvent
swcarpentry/python-novice-inflammation,Ivana Kajić,2016-01-28,PullRequestReviewCommentEvent
swcarpentry/python-novice-inflammation,Elliott Sales de Andrade,2016-01-28,IssueCommentEvent
swcarpentry/python-novice-inflammation,Elliott Sales de Andrade,2016-01-28,PullRequestReviewCommentEvent
swcarpentry/python-novice-inflammation,Elliott Sales de Andrade,2016-01-28,PullRequestReviewCommentEvent
swcarpentry/python-novice-inflammation,Elliott Sales de Andrade,2016-01-27,PullRequestReviewCommentEvent
swcarpentry/python-novice-inflammation,Elliott Sales de Andrade,2016-01-27,PullRequestReviewCommentEvent
swcarpentry/python-novice-inflammation,Elliott Sales de Andrade,2016-01-27,IssueCommentEvent
swcarpentry/python-novice-inflammation,Adam Obeng,2016-01-27,PullRequestEvent
swcarpentry/python-novice-inflammation,Dan Jones,2016-01-27,ForkEvent
swcarpentry/python-novice-inflammation,Dan Jones,2016-01-27,WatchEvent
swcarpentry/python-novice-inflammation,Adam Obeng,2016-01-27,PullRequestEvent
swcarpentry/python-novice-inflammation,Elliott Sales de Andrade,2016-01-27,PullRequestEvent
swcarpentry/python-novice-inflammation,Adam Obeng,2016-01-27,IssuesEvent
swcarpentry/python-novice-inflammation,david wang,2016-01-27,ForkEvent
swcarpentry/python-novice-inflammation,Adam Obeng,2016-01-27,PullRequestEvent
swcarpentry/python-novice-inflammation,Adam Obeng,2016-01-27,PullRequestEvent
swcarpentry/python-novice-inflammation,Adam Obeng,2016-01-27,PullRequestEvent
swcarpentry/python-novice-inflammation,Adam Obeng,2016-01-27,PullRequestEvent
swcarpentry/python-novice-inflammation,Adam Obeng,2016-01-27,ForkEvent
swcarpentry/python-novice-inflammation,Warda Syeda,2016-01-26,ForkEvent
swcarpentry/python-novice-inflammation,UC San Diego Library,2016-01-23,ForkEvent
swcarpentry/python-novice-inflammation,Elliott Sales de Andrade,2016-01-23,PullRequestEvent
swcarpentry/python-novice-inflammation,Elliott Sales de Andrade,2016-01-23,ForkEvent
swcarpentry/python-novice-inflammation,Puget Sound Regional Council,2016-01-22,ForkEvent
swcarpentry/python-novice-inflammation,Andrew Walker,2016-01-22,PullRequestEvent
swcarpentry/python-novice-inflammation,Andrew Walker,2016-01-22,IssueCommentEvent
swcarpentry/python-novice-inflammation,Trevor Bekolay,2016-01-22,IssueCommentEvent
swcarpentry/python-novice-inflammation,Trevor Bekolay,2016-01-22,PushEvent
swcarpentry/python-novice-inflammation,Trevor Bekolay,2016-01-22,PullRequestEvent
swcarpentry/python-novice-inflammation,Trevor Bekolay,2016-01-22,IssueCommentEvent
swcarpentry/python-novice-inflammation,Trevor Bekolay,2016-01-22,IssueCommentEvent
swcarpentry/python-novice-inflammation,Trevor Bekolay,2016-01-22,PullRequestEvent
swcarpentry/python-novice-inflammation,Trevor Bekolay,2016-01-22,PushEvent
swcarpentry/python-novice-inflammation,Andrew Davison,2016-01-22,PullRequestEvent
swcarpentry/python-novice-inflammation,Andrew Davison,2016-01-22,PullRequestEvent
swcarpentry/python-novice-inflammation,Andrew Davison,2016-01-22,ForkEvent
swcarpentry/python-novice-inflammation,Rochelle Terman,2016-01-21,PullRequestEvent
swcarpentry/python-novice-inflammation,Rochelle Terman,2016-01-21,ForkEvent
swcarpentry/python-novice-inflammation,Greg Wilson,2016-01-21,IssueCommentEvent
swcarpentry/python-novice-inflammation,Edwin van der Helm,2016-01-21,IssueCommentEvent
swcarpentry/python-novice-inflammation,Ryan Neufeld,2016-01-21,PullRequestEvent
swcarpentry/python-novice-inflammation,Ryan Neufeld,2016-01-21,ForkEvent
swcarpentry/python-novice-inflammation,Ivana Kajić,2016-01-21,IssueCommentEvent
swcarpentry/python-novice-inflammation,Azalee Bostroem,2016-01-20,IssueCommentEvent
swcarpentry/python-novice-inflammation,Trevor Bekolay,2016-01-20,IssueCommentEvent
swcarpentry/python-novice-inflammation,Bruno Grande,2016-01-20,IssueCommentEvent
swcarpentry/python-novice-inflammation,Bruno Grande,2016-01-20,PullRequestEvent
swcarpentry/python-novice-inflammation,Trevor Bekolay,2016-01-20,PushEvent
swcarpentry/python-novice-inflammation,Trevor Bekolay,2016-01-20,PullRequestEvent
swcarpentry/python-novice-inflammation,Trevor Bekolay,2016-01-20,IssueCommentEvent
swcarpentry/python-novice-inflammation,Trevor Bekolay,2016-01-20,PushEvent
swcarpentry/python-novice-inflammation,Trevor Bekolay,2016-01-20,IssueCommentEvent
swcarpentry/python-novice-inflammation,Trevor Bekolay,2016-01-20,IssueCommentEvent
swcarpentry/python-novice-inflammation,Trevor Bekolay,2016-01-20,PushEvent
swcarpentry/python-novice-inflammation,Trevor Bekolay,2016-01-20,PullRequestEvent
swcarpentry/python-novice-inflammation,Trevor Bekolay,2016-01-20,IssuesEvent
swcarpentry/python-novice-inflammation,Trevor Bekolay,2016-01-20,IssueCommentEvent
swcarpentry/python-novice-inflammation,Trevor Bekolay,2016-01-20,PushEvent
swcarpentry/python-novice-inflammation,Trevor Bekolay,2016-01-20,PullRequestEvent
swcarpentry/python-novice-inflammation,Trevor Bekolay,2016-01-20,IssueCommentEvent
swcarpentry/python-novice-inflammation,Trevor Bekolay,2016-01-20,IssuesEvent
swcarpentry/python-novice-inflammation,Derek,2016-01-20,IssueCommentEvent
swcarpentry/python-novice-inflammation,Alexandre M. S.,2016-01-20,IssueCommentEvent
swcarpentry/python-novice-inflammation,David Ketcheson,2016-01-20,IssueCommentEvent
swcarpentry/python-novice-inflammation,Derek Weitzel,2016-01-20,IssueCommentEvent
swcarpentry/python-novice-inflammation,Derek Weitzel,2016-01-20,IssueCommentEvent
swcarpentry/python-novice-inflammation,David Ketcheson,2016-01-20,IssueCommentEvent
swcarpentry/python-novice-inflammation,David Ketcheson,2016-01-20,IssueCommentEvent
swcarpentry/python-novice-inflammation,David Ketcheson,2016-01-20,IssueCommentEvent
swcarpentry/python-novice-inflammation,David Ketcheson,2016-01-20,IssueCommentEvent
swcarpentry/python-novice-inflammation,David Ketcheson,2016-01-20,IssueCommentEvent
swcarpentry/python-novice-inflammation,Trevor Bekolay,2016-01-20,IssueCommentEvent
swcarpentry/python-novice-inflammation,Jin,2016-01-20,IssueCommentEvent
swcarpentry/python-novice-inflammation,Jin,2016-01-20,PullRequestReviewCommentEvent
swcarpentry/python-novice-inflammation,Jin,2016-01-20,PullRequestReviewCommentEvent
swcarpentry/python-novice-inflammation,Jin,2016-01-20,ForkEvent
swcarpentry/python-novice-inflammation,Trevor Bekolay,2016-01-20,IssueCommentEvent
swcarpentry/python-novice-inflammation,Trevor Bekolay,2016-01-20,IssueCommentEvent
swcarpentry/python-novice-inflammation,Trevor Bekolay,2016-01-20,IssueCommentEvent
swcarpentry/python-novice-inflammation,Alexandre M. S.,2016-01-20,PullRequestEvent
swcarpentry/python-novice-inflammation,Alexandre M. S.,2016-01-20,IssueCommentEvent
swcarpentry/python-novice-inflammation,Alexandre M. S.,2016-01-20,PullRequestEvent
swcarpentry/python-novice-inflammation,Trevor Bekolay,2016-01-20,IssueCommentEvent
swcarpentry/python-novice-inflammation,Trevor Bekolay,2016-01-20,PullRequestReviewCommentEvent
swcarpentry/python-novice-inflammation,Trevor Bekolay,2016-01-20,PullRequestReviewCommentEvent
swcarpentry/python-novice-inflammation,Trevor Bekolay,2016-01-20,IssueCommentEvent
swcarpentry/python-novice-inflammation,Trevor Bekolay,2016-01-20,PullRequestReviewCommentEvent
swcarpentry/python-novice-inflammation,Trevor Bekolay,2016-01-20,PullRequestReviewCommentEvent
swcarpentry/python-novice-inflammation,Trevor Bekolay,2016-01-20,IssueCommentEvent
swcarpentry/python-novice-inflammation,Alexandre M. S.,2016-01-20,IssueCommentEvent
swcarpentry/python-novice-inflammation,Trevor Bekolay,2016-01-20,IssueCommentEvent
swcarpentry/python-novice-inflammation,Trevor Bekolay,2016-01-20,IssueCommentEvent
swcarpentry/python-novice-inflammation,Trevor Bekolay,2016-01-20,IssueCommentEvent
swcarpentry/python-novice-inflammation,Benjamin Laken,2016-01-20,IssueCommentEvent
swcarpentry/python-novice-inflammation,Trevor Bekolay,2016-01-20,IssueCommentEvent
swcarpentry/python-novice-inflammation,Trevor Bekolay,2016-01-20,PushEvent
swcarpentry/python-novice-inflammation,Trevor Bekolay,2016-01-20,PullRequestEvent
swcarpentry/python-novice-inflammation,Trevor Bekolay,2016-01-20,IssueCommentEvent
swcarpentry/python-novice-inflammation,Nicolas Fauchereau,2016-01-20,ForkEvent
swcarpentry/python-novice-inflammation,Azalee Bostroem,2016-01-19,PushEvent
swcarpentry/python-novice-inflammation,Trevor Bekolay,2016-01-19,IssueCommentEvent
swcarpentry/python-novice-inflammation,Azalee Bostroem,2016-01-19,IssueCommentEvent
swcarpentry/python-novice-inflammation,Azalee Bostroem,2016-01-19,PushEvent
swcarpentry/python-novice-inflammation,Azalee Bostroem,2016-01-19,PullRequestEvent
swcarpentry/python-novice-inflammation,Trevor Bekolay,2016-01-19,IssueCommentEvent
swcarpentry/python-novice-inflammation,Trevor Bekolay,2016-01-19,PushEvent
swcarpentry/python-novice-inflammation,David Ketcheson,2016-01-19,PullRequestEvent
swcarpentry/python-novice-inflammation,David Ketcheson,2016-01-19,PullRequestEvent
swcarpentry/python-novice-inflammation,David Ketcheson,2016-01-19,ForkEvent
swcarpentry/python-novice-inflammation,Trevor Bekolay,2016-01-18,PushEvent
swcarpentry/python-novice-inflammation,Trevor Bekolay,2016-01-18,PushEvent
swcarpentry/python-novice-inflammation,Andrew Walker,2016-01-17,IssueCommentEvent
swcarpentry/python-novice-inflammation,Toby Hodges,2016-01-17,PullRequestEvent
swcarpentry/python-novice-inflammation,Edwin van der Helm,2016-01-17,PullRequestEvent
swcarpentry/python-novice-inflammation,Edwin van der Helm,2016-01-17,ForkEvent
swcarpentry/python-novice-inflammation,Andrew Walker,2016-01-17,PullRequestEvent
swcarpentry/python-novice-inflammation,Andrew Walker,2016-01-17,ForkEvent
swcarpentry/python-novice-inflammation,Greg Wilson,2016-01-17,IssueCommentEvent
swcarpentry/python-novice-inflammation,Greg Wilson,2016-01-17,IssueCommentEvent
swcarpentry/python-novice-inflammation,Ivan Gonzalez,2016-01-16,IssueCommentEvent
swcarpentry/python-novice-inflammation,Ivan Gonzalez,2016-01-15,IssueCommentEvent
swcarpentry/python-novice-inflammation,Derek,2016-01-15,PullRequestEvent
swcarpentry/python-novice-inflammation,Derek,2016-01-15,ForkEvent
swcarpentry/python-novice-inflammation,Jonah Duckles,2016-01-14,IssueCommentEvent
swcarpentry/python-novice-inflammation,Greg Wilson,2016-01-12,IssueCommentEvent
swcarpentry/python-novice-inflammation,Toby Hodges,2016-01-12,IssueCommentEvent
swcarpentry/python-novice-inflammation,Toby Hodges,2016-01-12,PullRequestEvent
swcarpentry/python-novice-inflammation,Toby Hodges,2016-01-12,PullRequestEvent
swcarpentry/python-novice-inflammation,Toby Hodges,2016-01-12,PullRequestEvent
swcarpentry/python-novice-inflammation,Toby Hodges,2016-01-12,IssueCommentEvent
swcarpentry/python-novice-inflammation,Greg Wilson,2016-01-12,IssueCommentEvent
swcarpentry/python-novice-inflammation,Dr David Martin,2016-01-11,PullRequestEvent
swcarpentry/python-novice-inflammation,Dr David Martin,2016-01-11,ForkEvent
swcarpentry/python-novice-inflammation,Toby Hodges,2016-01-11,PullRequestEvent
swcarpentry/python-novice-inflammation,Greg Wilson,2016-01-09,PushEvent
swcarpentry/python-novice-inflammation,Greg Wilson,2016-01-09,PullRequestEvent
swcarpentry/python-novice-inflammation,Ariel Rokem,2016-01-09,PullRequestEvent
swcarpentry/python-novice-inflammation,Ariel Rokem,2016-01-09,ForkEvent
swcarpentry/python-novice-inflammation,Bruno Grande,2016-01-09,PullRequestEvent
swcarpentry/python-novice-inflammation,Ivana Kajić,2016-01-08,PullRequestEvent
swcarpentry/python-novice-inflammation,Ivana Kajić,2016-01-08,ForkEvent
swcarpentry/python-novice-inflammation,Alexandre M. S.,2016-01-07,PullRequestEvent
swcarpentry/python-novice-inflammation,Alexandre M. S.,2016-01-07,PullRequestEvent
swcarpentry/python-novice-inflammation,Alexandre M. S.,2016-01-07,PullRequestEvent
swcarpentry/python-novice-inflammation,Alexandre M. S.,2016-01-07,PullRequestEvent
swcarpentry/python-novice-inflammation,Alexandre M. S.,2016-01-07,ForkEvent
swcarpentry/python-novice-inflammation,Derek Weitzel,2016-01-06,PullRequestEvent
swcarpentry/python-novice-inflammation,Derek Weitzel,2016-01-06,PullRequestEvent
swcarpentry/python-novice-inflammation,Derek Weitzel,2016-01-06,IssueCommentEvent
swcarpentry/python-novice-inflammation,Jin,2016-01-05,PullRequestEvent
swcarpentry/python-novice-inflammation,Jin,2016-01-05,ForkEvent
swcarpentry/python-novice-inflammation,Trevor Bekolay,2016-01-05,PushEvent
swcarpentry/python-novice-inflammation,Trevor Bekolay,2016-01-05,PullRequestEvent
swcarpentry/python-novice-inflammation,Trevor Bekolay,2016-01-05,IssueCommentEvent
swcarpentry/python-novice-inflammation,Trevor Bekolay,2016-01-05,IssueCommentEvent
swcarpentry/python-novice-inflammation,Azalee Bostroem,2016-01-05,IssueCommentEvent
swcarpentry/python-novice-inflammation,Derek Weitzel,2016-01-05,PullRequestEvent
swcarpentry/python-novice-inflammation,Jan Gosmann,2016-01-05,PullRequestEvent
swcarpentry/python-novice-inflammation,Jan Gosmann,2016-01-05,ForkEvent
swcarpentry/python-novice-inflammation,Derek Weitzel,2016-01-04,PullRequestEvent
swcarpentry/python-novice-inflammation,Derek Weitzel,2016-01-04,ForkEvent
swcarpentry/python-novice-inflammation,Trevor Bekolay,2016-01-04,IssueCommentEvent
swcarpentry/python-novice-inflammation,Konrad Hinsen,2016-01-04,IssueCommentEvent
swcarpentry/python-novice-inflammation,Trevor Bekolay,2016-01-04,IssueCommentEvent
swcarpentry/python-novice-inflammation,Trevor Bekolay,2016-01-04,IssueCommentEvent
swcarpentry/python-novice-inflammation,Toby Hodges,2016-01-04,PullRequestEvent
swcarpentry/python-novice-inflammation,Toby Hodges,2016-01-04,ForkEvent
swcarpentry/r-novice-inflammation,Joseph Stachelek,2016-01-28,PullRequestEvent
swcarpentry/r-novice-inflammation,Joseph Stachelek,2016-01-28,ForkEvent
swcarpentry/r-novice-inflammation,Dan Jones,2016-01-27,ForkEvent
swcarpentry/r-novice-inflammation,Dan Jones,2016-01-27,WatchEvent
swcarpentry/r-novice-inflammation,Lukas Weber,2016-01-21,PullRequestEvent
swcarpentry/r-novice-inflammation,Lukas Weber,2016-01-21,ForkEvent
swcarpentry/r-novice-inflammation,Greg Wilson,2016-01-21,IssueCommentEvent
swcarpentry/r-novice-inflammation,Sarah Meister,2016-01-21,IssueCommentEvent
swcarpentry/r-novice-inflammation,Nicolas Fauchereau,2016-01-20,ForkEvent
swcarpentry/r-novice-inflammation,Lina Tran,2016-01-19,IssueCommentEvent
swcarpentry/r-novice-inflammation,John Blischak,2016-01-19,IssueCommentEvent
swcarpentry/r-novice-inflammation,John Blischak,2016-01-19,IssueCommentEvent
swcarpentry/r-novice-inflammation,John Blischak,2016-01-19,PullRequestReviewCommentEvent
swcarpentry/r-novice-inflammation,John Blischak,2016-01-19,PullRequestReviewCommentEvent
swcarpentry/r-novice-inflammation,John Blischak,2016-01-19,PullRequestReviewCommentEvent
swcarpentry/r-novice-inflammation,John Blischak,2016-01-19,IssueCommentEvent
swcarpentry/r-novice-inflammation,John Blischak,2016-01-19,PullRequestReviewCommentEvent
swcarpentry/r-novice-inflammation,John Blischak,2016-01-19,PullRequestReviewCommentEvent
swcarpentry/r-novice-inflammation,John Blischak,2016-01-19,PullRequestReviewCommentEvent
swcarpentry/r-novice-inflammation,Fernando Mayer,2016-01-14,ForkEvent
swcarpentry/r-novice-inflammation,Chip Oglesby,2016-01-13,WatchEvent
swcarpentry/r-novice-inflammation,Heath Blackmon,2016-01-11,PullRequestEvent
swcarpentry/r-novice-inflammation,Heath Blackmon,2016-01-11,ForkEvent
swcarpentry/r-novice-inflammation,Ariel Rokem,2016-01-09,IssuesEvent
swcarpentry/r-novice-inflammation,K. A. S. Mislan,2016-01-07,IssuesEvent
swcarpentry/r-novice-inflammation,Antonia Gogoglou,2016-01-07,PullRequestEvent
swcarpentry/r-novice-inflammation,Antonia Gogoglou,2016-01-07,ForkEvent
swcarpentry/r-novice-inflammation,Athanassios Kintsakis,2016-01-07,PullRequestEvent
swcarpentry/r-novice-inflammation,Athanassios Kintsakis,2016-01-07,ForkEvent
swcarpentry/r-novice-inflammation,Kyriakos Chatzidimitriou,2016-01-06,PullRequestEvent
swcarpentry/r-novice-inflammation,Kyriakos Chatzidimitriou,2016-01-06,ForkEvent
swcarpentry/r-novice-inflammation,Lina Tran,2016-01-04,PullRequestEvent
swcarpentry/r-novice-inflammation,Sarah Meister,2016-01-04,PullRequestEvent
swcarpentry/r-novice-inflammation,Lina Tran,2016-01-04,ForkEvent
swcarpentry/r-novice-inflammation,Sarah Meister,2016-01-03,ForkEvent
swcarpentry/r-novice-gapminder,Fernando Mayer,2016-01-25,IssueCommentEvent
swcarpentry/r-novice-gapminder,David J. Harris,2016-01-24,IssuesEvent
swcarpentry/r-novice-gapminder,David J. Harris,2016-01-24,PullRequestEvent
swcarpentry/r-novice-gapminder,Naupaka Zimmerman,2016-01-24,IssuesEvent
swcarpentry/r-novice-gapminder,Naupaka Zimmerman,2016-01-24,IssueCommentEvent
swcarpentry/r-novice-gapminder,Leighton Pritchard,2016-01-23,IssueCommentEvent
swcarpentry/r-novice-gapminder,Naupaka Zimmerman,2016-01-23,IssueCommentEvent
swcarpentry/r-novice-gapminder,David J. Harris,2016-01-23,IssuesEvent
swcarpentry/r-novice-gapminder,Naupaka Zimmerman,2016-01-22,PullRequestEvent
swcarpentry/r-novice-gapminder,Naupaka Zimmerman,2016-01-22,IssueCommentEvent
swcarpentry/r-novice-gapminder,Naupaka Zimmerman,2016-01-22,IssueCommentEvent
swcarpentry/r-novice-gapminder,Fernando Mayer,2016-01-22,PullRequestEvent
swcarpentry/r-novice-gapminder,David J. Harris,2016-01-22,ForkEvent
swcarpentry/r-novice-gapminder,Fernando Mayer,2016-01-22,ForkEvent
swcarpentry/r-novice-gapminder,Naupaka Zimmerman,2016-01-22,IssueCommentEvent
swcarpentry/r-novice-gapminder,Naupaka Zimmerman,2016-01-21,PushEvent
swcarpentry/r-novice-gapminder,Naupaka Zimmerman,2016-01-21,PullRequestEvent
swcarpentry/r-novice-gapminder,Naupaka Zimmerman,2016-01-21,IssueCommentEvent
swcarpentry/r-novice-gapminder,Naupaka Zimmerman,2016-01-21,IssueCommentEvent
swcarpentry/r-novice-gapminder,Naupaka Zimmerman,2016-01-21,PullRequestEvent
swcarpentry/r-novice-gapminder,Naupaka Zimmerman,2016-01-21,IssueCommentEvent
swcarpentry/r-novice-gapminder,Naupaka Zimmerman,2016-01-20,PushEvent
swcarpentry/r-novice-gapminder,Naupaka Zimmerman,2016-01-20,PullRequestEvent
swcarpentry/r-novice-gapminder,Naupaka Zimmerman,2016-01-20,IssueCommentEvent
swcarpentry/r-novice-gapminder,Naupaka Zimmerman,2016-01-20,PullRequestReviewCommentEvent
swcarpentry/r-novice-gapminder,Naupaka Zimmerman,2016-01-20,PullRequestReviewCommentEvent
swcarpentry/r-novice-gapminder,Naupaka Zimmerman,2016-01-20,PullRequestReviewCommentEvent
swcarpentry/r-novice-gapminder,Naupaka Zimmerman,2016-01-20,PullRequestReviewCommentEvent
swcarpentry/r-novice-gapminder,Naupaka Zimmerman,2016-01-20,PullRequestReviewCommentEvent
swcarpentry/r-novice-gapminder,Mateusz Kuzak,2016-01-20,PullRequestReviewCommentEvent
swcarpentry/r-novice-gapminder,Mateusz Kuzak,2016-01-20,PullRequestReviewCommentEvent
swcarpentry/r-novice-gapminder,Kyriakos Chatzidimitriou,2016-01-20,IssueCommentEvent
swcarpentry/r-novice-gapminder,Tom Wright,2016-01-19,PullRequestReviewCommentEvent
swcarpentry/r-novice-gapminder,Naupaka Zimmerman,2016-01-19,PullRequestReviewCommentEvent
swcarpentry/r-novice-gapminder,Naupaka Zimmerman,2016-01-19,PullRequestReviewCommentEvent
swcarpentry/r-novice-gapminder,Naupaka Zimmerman,2016-01-19,IssueCommentEvent
swcarpentry/r-novice-gapminder,Naupaka Zimmerman,2016-01-19,PullRequestReviewCommentEvent
swcarpentry/r-novice-gapminder,Mateusz Kuzak,2016-01-19,PullRequestReviewCommentEvent
swcarpentry/r-novice-gapminder,Naupaka Zimmerman,2016-01-19,PullRequestReviewCommentEvent
swcarpentry/r-novice-gapminder,Naupaka Zimmerman,2016-01-19,PullRequestReviewCommentEvent
swcarpentry/r-novice-gapminder,Naupaka Zimmerman,2016-01-19,PullRequestReviewCommentEvent
swcarpentry/r-novice-gapminder,Naupaka Zimmerman,2016-01-19,PullRequestReviewCommentEvent
swcarpentry/r-novice-gapminder,Naupaka Zimmerman,2016-01-19,PullRequestReviewCommentEvent
swcarpentry/r-novice-gapminder,Mateusz Kuzak,2016-01-19,PullRequestReviewCommentEvent
swcarpentry/r-novice-gapminder,Mateusz Kuzak,2016-01-19,PullRequestReviewCommentEvent
swcarpentry/r-novice-gapminder,Mateusz Kuzak,2016-01-19,PullRequestReviewCommentEvent
swcarpentry/r-novice-gapminder,Mateusz Kuzak,2016-01-19,PullRequestReviewCommentEvent
swcarpentry/r-novice-gapminder,Mateusz Kuzak,2016-01-19,PullRequestReviewCommentEvent
swcarpentry/r-novice-gapminder,Naupaka Zimmerman,2016-01-18,IssueCommentEvent
swcarpentry/r-novice-gapminder,Naupaka Zimmerman,2016-01-18,IssueCommentEvent
swcarpentry/r-novice-gapminder,Naupaka Zimmerman,2016-01-18,PullRequestReviewCommentEvent
swcarpentry/r-novice-gapminder,Naupaka Zimmerman,2016-01-18,PullRequestReviewCommentEvent
swcarpentry/r-novice-gapminder,Naupaka Zimmerman,2016-01-18,PullRequestReviewCommentEvent
swcarpentry/r-novice-gapminder,Naupaka Zimmerman,2016-01-18,PullRequestReviewCommentEvent
swcarpentry/r-novice-gapminder,Naupaka Zimmerman,2016-01-18,PullRequestReviewCommentEvent
swcarpentry/r-novice-gapminder,Naupaka Zimmerman,2016-01-18,PullRequestReviewCommentEvent
swcarpentry/r-novice-gapminder,Naupaka Zimmerman,2016-01-18,PullRequestReviewCommentEvent
swcarpentry/r-novice-gapminder,Naupaka Zimmerman,2016-01-18,PushEvent
swcarpentry/r-novice-gapminder,Naupaka Zimmerman,2016-01-18,PullRequestEvent
swcarpentry/r-novice-gapminder,Naupaka Zimmerman,2016-01-18,IssueCommentEvent
swcarpentry/r-novice-gapminder,Mateusz Kuzak,2016-01-18,PullRequestEvent
swcarpentry/r-novice-gapminder,Mateusz Kuzak,2016-01-18,PullRequestReviewCommentEvent
swcarpentry/r-novice-gapminder,Mateusz Kuzak,2016-01-18,PullRequestReviewCommentEvent
swcarpentry/r-novice-gapminder,Mateusz Kuzak,2016-01-18,PullRequestReviewCommentEvent
swcarpentry/r-novice-gapminder,Kwangchun Lee,2016-01-16,ForkEvent
swcarpentry/r-novice-gapminder,Naupaka Zimmerman,2016-01-15,PushEvent
swcarpentry/r-novice-gapminder,Naupaka Zimmerman,2016-01-15,PullRequestEvent
swcarpentry/r-novice-gapminder,Tom Wright,2016-01-15,IssueCommentEvent
swcarpentry/r-novice-gapminder,Naupaka Zimmerman,2016-01-15,IssueCommentEvent
swcarpentry/r-novice-gapminder,Tom Wright,2016-01-15,IssueCommentEvent
swcarpentry/r-novice-gapminder,Chip Oglesby,2016-01-13,WatchEvent
swcarpentry/r-novice-gapminder,Mateusz Kuzak,2016-01-13,PullRequestReviewCommentEvent
swcarpentry/r-novice-gapminder,Mateusz Kuzak,2016-01-13,PullRequestReviewCommentEvent
swcarpentry/r-novice-gapminder,Tom Wright,2016-01-12,PullRequestReviewCommentEvent
swcarpentry/r-novice-gapminder,Tom Wright,2016-01-12,PullRequestReviewCommentEvent
swcarpentry/r-novice-gapminder,Tom Wright,2016-01-12,PullRequestReviewCommentEvent
swcarpentry/r-novice-gapminder,Tom Wright,2016-01-12,PullRequestReviewCommentEvent
swcarpentry/r-novice-gapminder,Tom Wright,2016-01-12,PullRequestReviewCommentEvent
swcarpentry/r-novice-gapminder,Heath Blackmon,2016-01-12,ForkEvent
swcarpentry/r-novice-gapminder,Mateusz Kuzak,2016-01-11,PullRequestEvent
swcarpentry/r-novice-gapminder,Mateusz Kuzak,2016-01-11,ForkEvent
swcarpentry/r-novice-gapminder,Mateusz Kuzak,2016-01-09,ForkEvent
swcarpentry/r-novice-gapminder,Naupaka Zimmerman,2016-01-07,IssueCommentEvent
swcarpentry/r-novice-gapminder,Leighton Pritchard,2016-01-07,ForkEvent
swcarpentry/r-novice-gapminder,Leighton Pritchard,2016-01-07,IssueCommentEvent
swcarpentry/r-novice-gapminder,Naupaka Zimmerman,2016-01-07,IssueCommentEvent
swcarpentry/r-novice-gapminder,Leighton Pritchard,2016-01-07,WatchEvent
swcarpentry/r-novice-gapminder,Leighton Pritchard,2016-01-07,IssuesEvent
swcarpentry/r-novice-gapminder,Naupaka Zimmerman,2016-01-07,IssueCommentEvent
swcarpentry/r-novice-gapminder,Naupaka Zimmerman,2016-01-07,PullRequestReviewCommentEvent
swcarpentry/r-novice-gapminder,Naupaka Zimmerman,2016-01-07,PullRequestReviewCommentEvent
swcarpentry/r-novice-gapminder,Naupaka Zimmerman,2016-01-07,PullRequestReviewCommentEvent
swcarpentry/r-novice-gapminder,Kyriakos Chatzidimitriou,2016-01-06,PullRequestEvent
swcarpentry/r-novice-gapminder,Kyriakos Chatzidimitriou,2016-01-06,ForkEvent
swcarpentry/matlab-novice-inflammation,Gerard Capes,2016-01-22,PullRequestEvent
swcarpentry/matlab-novice-inflammation,dieface,2016-01-21,ForkEvent
swcarpentry/matlab-novice-inflammation,Ashwin Srinath,2016-01-11,PullRequestEvent
swcarpentry/matlab-novice-inflammation,Ashwin Srinath,2016-01-06,PushEvent
swcarpentry/matlab-novice-inflammation,Ashwin Srinath,2016-01-06,PushEvent
swcarpentry/matlab-novice-inflammation,Ashwin Srinath,2016-01-06,PullRequestEvent
swcarpentry/matlab-novice-inflammation,Ashwin Srinath,2016-01-06,IssuesEvent
swcarpentry/matlab-novice-inflammation,Ashwin Srinath,2016-01-05,IssueCommentEvent
swcarpentry/matlab-novice-inflammation,Ashwin Srinath,2016-01-05,PullRequestEvent
swcarpentry/matlab-novice-inflammation,Gerard Capes,2016-01-01,IssueCommentEvent
swcarpentry/matlab-novice-inflammation,Gerard Capes,2016-01-01,PullRequestEvent
swcarpentry/matlab-novice-inflammation,Gerard Capes,2016-01-01,ForkEvent
swcarpentry/make-novice,Puget Sound Regional Council,2016-01-22,ForkEvent
swcarpentry/make-novice,dieface,2016-01-21,ForkEvent
swcarpentry/make-novice,Tao Li,2016-01-19,WatchEvent
swcarpentry/make-novice,Michael Jackson,2016-01-18,PushEvent
swcarpentry/make-novice,Michael Jackson,2016-01-18,PushEvent
swcarpentry/make-novice,Michael Jackson,2016-01-18,PullRequestEvent
swcarpentry/make-novice,Michael Jackson,2016-01-18,PullRequestEvent
swcarpentry/make-novice,Michael Jackson,2016-01-18,CreateEvent
swcarpentry/make-novice,Michael Jackson,2016-01-18,IssuesEvent
swcarpentry/make-novice,Michael Jackson,2016-01-18,PushEvent
swcarpentry/make-novice,Greg Wilson,2016-01-18,IssueCommentEvent
swcarpentry/make-novice,Michael Jackson,2016-01-18,IssuesEvent
swcarpentry/make-novice,Michael Jackson,2016-01-18,PushEvent
swcarpentry/make-novice,Michael Jackson,2016-01-18,IssuesEvent
swcarpentry/make-novice,Michael Jackson,2016-01-18,PushEvent
swcarpentry/make-novice,Michael Jackson,2016-01-18,PullRequestEvent
swcarpentry/make-novice,Michael Jackson,2016-01-18,PullRequestEvent
swcarpentry/make-novice,Michael Jackson,2016-01-18,CreateEvent
swcarpentry/make-novice,Michael Jackson,2016-01-18,IssuesEvent
swcarpentry/make-novice,Lex Nederbragt,2016-01-16,IssuesEvent
swcarpentry/make-novice,Ivan Gonzalez,2016-01-14,IssuesEvent
